/*
 Navicat Premium Data Transfer

 Source Server         : aliyun
 Source Server Type    : MySQL
 Source Server Version : 80028 (8.0.28)
 Source Host           : 47.109.155.118:3309
 Source Schema         : web_t

 Target Server Type    : MySQL
 Target Server Version : 80028 (8.0.28)
 File Encoding         : 65001

 Date: 08/03/2025 10:36:52
*/

SET NAMES utf8mb4;
SET FOREIGN_KEY_CHECKS = 0;

-- ----------------------------
-- Table structure for allModel_author
-- ----------------------------
DROP TABLE IF EXISTS `allModel_author`;
CREATE TABLE `allModel_author`  (
  `id` bigint NOT NULL AUTO_INCREMENT,
  `username` varchar(120) CHARACTER SET utf8 COLLATE utf8_bin NOT NULL,
  `password` varchar(120) CHARACTER SET utf8 COLLATE utf8_bin NOT NULL,
  PRIMARY KEY (`id`) USING BTREE
) ENGINE = InnoDB AUTO_INCREMENT = 2 CHARACTER SET = utf8 COLLATE = utf8_bin ROW_FORMAT = DYNAMIC;

-- ----------------------------
-- Records of allModel_author
-- ----------------------------
INSERT INTO `allModel_author` VALUES (1, 't', '123');

-- ----------------------------
-- Table structure for allModel_user
-- ----------------------------
DROP TABLE IF EXISTS `allModel_user`;
CREATE TABLE `allModel_user`  (
  `id` bigint NOT NULL AUTO_INCREMENT,
  `username` varchar(120) CHARACTER SET utf8 COLLATE utf8_bin NOT NULL,
  `password` varchar(120) CHARACTER SET utf8 COLLATE utf8_bin NOT NULL,
  `usercode` varchar(120) CHARACTER SET utf8 COLLATE utf8_bin NOT NULL,
  PRIMARY KEY (`id`) USING BTREE
) ENGINE = InnoDB AUTO_INCREMENT = 5 CHARACTER SET = utf8 COLLATE = utf8_bin ROW_FORMAT = DYNAMIC;

-- ----------------------------
-- Records of allModel_user
-- ----------------------------
INSERT INTO `allModel_user` VALUES (1, 't', 'tt', 'ttt');
INSERT INTO `allModel_user` VALUES (2, 't', '123', '123');
INSERT INTO `allModel_user` VALUES (3, '', '', '');
INSERT INTO `allModel_user` VALUES (4, '', '', '');

-- ----------------------------
-- Table structure for auth_group
-- ----------------------------
DROP TABLE IF EXISTS `auth_group`;
CREATE TABLE `auth_group`  (
  `id` int NOT NULL AUTO_INCREMENT,
  `name` varchar(150) CHARACTER SET utf8 COLLATE utf8_bin NOT NULL,
  PRIMARY KEY (`id`) USING BTREE,
  UNIQUE INDEX `name`(`name` ASC) USING BTREE
) ENGINE = InnoDB AUTO_INCREMENT = 1 CHARACTER SET = utf8 COLLATE = utf8_bin ROW_FORMAT = DYNAMIC;

-- ----------------------------
-- Records of auth_group
-- ----------------------------

-- ----------------------------
-- Table structure for auth_group_permissions
-- ----------------------------
DROP TABLE IF EXISTS `auth_group_permissions`;
CREATE TABLE `auth_group_permissions`  (
  `id` bigint NOT NULL AUTO_INCREMENT,
  `group_id` int NOT NULL,
  `permission_id` int NOT NULL,
  PRIMARY KEY (`id`) USING BTREE,
  UNIQUE INDEX `auth_group_permissions_group_id_permission_id_0cd325b0_uniq`(`group_id` ASC, `permission_id` ASC) USING BTREE,
  INDEX `auth_group_permissio_permission_id_84c5c92e_fk_auth_perm`(`permission_id` ASC) USING BTREE,
  CONSTRAINT `auth_group_permissio_permission_id_84c5c92e_fk_auth_perm` FOREIGN KEY (`permission_id`) REFERENCES `auth_permission` (`id`) ON DELETE RESTRICT ON UPDATE RESTRICT,
  CONSTRAINT `auth_group_permissions_group_id_b120cbf9_fk_auth_group_id` FOREIGN KEY (`group_id`) REFERENCES `auth_group` (`id`) ON DELETE RESTRICT ON UPDATE RESTRICT
) ENGINE = InnoDB AUTO_INCREMENT = 1 CHARACTER SET = utf8 COLLATE = utf8_bin ROW_FORMAT = DYNAMIC;

-- ----------------------------
-- Records of auth_group_permissions
-- ----------------------------

-- ----------------------------
-- Table structure for auth_permission
-- ----------------------------
DROP TABLE IF EXISTS `auth_permission`;
CREATE TABLE `auth_permission`  (
  `id` int NOT NULL AUTO_INCREMENT,
  `name` varchar(255) CHARACTER SET utf8 COLLATE utf8_bin NOT NULL,
  `content_type_id` int NOT NULL,
  `codename` varchar(100) CHARACTER SET utf8 COLLATE utf8_bin NOT NULL,
  PRIMARY KEY (`id`) USING BTREE,
  UNIQUE INDEX `auth_permission_content_type_id_codename_01ab375a_uniq`(`content_type_id` ASC, `codename` ASC) USING BTREE,
  CONSTRAINT `auth_permission_content_type_id_2f476e4b_fk_django_co` FOREIGN KEY (`content_type_id`) REFERENCES `django_content_type` (`id`) ON DELETE RESTRICT ON UPDATE RESTRICT
) ENGINE = InnoDB AUTO_INCREMENT = 33 CHARACTER SET = utf8 COLLATE = utf8_bin ROW_FORMAT = DYNAMIC;

-- ----------------------------
-- Records of auth_permission
-- ----------------------------
INSERT INTO `auth_permission` VALUES (1, 'Can add log entry', 1, 'add_logentry');
INSERT INTO `auth_permission` VALUES (2, 'Can change log entry', 1, 'change_logentry');
INSERT INTO `auth_permission` VALUES (3, 'Can delete log entry', 1, 'delete_logentry');
INSERT INTO `auth_permission` VALUES (4, 'Can view log entry', 1, 'view_logentry');
INSERT INTO `auth_permission` VALUES (5, 'Can add permission', 2, 'add_permission');
INSERT INTO `auth_permission` VALUES (6, 'Can change permission', 2, 'change_permission');
INSERT INTO `auth_permission` VALUES (7, 'Can delete permission', 2, 'delete_permission');
INSERT INTO `auth_permission` VALUES (8, 'Can view permission', 2, 'view_permission');
INSERT INTO `auth_permission` VALUES (9, 'Can add group', 3, 'add_group');
INSERT INTO `auth_permission` VALUES (10, 'Can change group', 3, 'change_group');
INSERT INTO `auth_permission` VALUES (11, 'Can delete group', 3, 'delete_group');
INSERT INTO `auth_permission` VALUES (12, 'Can view group', 3, 'view_group');
INSERT INTO `auth_permission` VALUES (13, 'Can add user', 4, 'add_user');
INSERT INTO `auth_permission` VALUES (14, 'Can change user', 4, 'change_user');
INSERT INTO `auth_permission` VALUES (15, 'Can delete user', 4, 'delete_user');
INSERT INTO `auth_permission` VALUES (16, 'Can view user', 4, 'view_user');
INSERT INTO `auth_permission` VALUES (17, 'Can add content type', 5, 'add_contenttype');
INSERT INTO `auth_permission` VALUES (18, 'Can change content type', 5, 'change_contenttype');
INSERT INTO `auth_permission` VALUES (19, 'Can delete content type', 5, 'delete_contenttype');
INSERT INTO `auth_permission` VALUES (20, 'Can view content type', 5, 'view_contenttype');
INSERT INTO `auth_permission` VALUES (21, 'Can add session', 6, 'add_session');
INSERT INTO `auth_permission` VALUES (22, 'Can change session', 6, 'change_session');
INSERT INTO `auth_permission` VALUES (23, 'Can delete session', 6, 'delete_session');
INSERT INTO `auth_permission` VALUES (24, 'Can view session', 6, 'view_session');
INSERT INTO `auth_permission` VALUES (25, 'Can add author', 7, 'add_author');
INSERT INTO `auth_permission` VALUES (26, 'Can change author', 7, 'change_author');
INSERT INTO `auth_permission` VALUES (27, 'Can delete author', 7, 'delete_author');
INSERT INTO `auth_permission` VALUES (28, 'Can view author', 7, 'view_author');
INSERT INTO `auth_permission` VALUES (29, 'Can add user', 8, 'add_user');
INSERT INTO `auth_permission` VALUES (30, 'Can change user', 8, 'change_user');
INSERT INTO `auth_permission` VALUES (31, 'Can delete user', 8, 'delete_user');
INSERT INTO `auth_permission` VALUES (32, 'Can view user', 8, 'view_user');

-- ----------------------------
-- Table structure for auth_user
-- ----------------------------
DROP TABLE IF EXISTS `auth_user`;
CREATE TABLE `auth_user`  (
  `id` int NOT NULL AUTO_INCREMENT,
  `password` varchar(128) CHARACTER SET utf8 COLLATE utf8_bin NOT NULL,
  `last_login` datetime(6) NULL DEFAULT NULL,
  `is_superuser` tinyint(1) NOT NULL,
  `username` varchar(150) CHARACTER SET utf8 COLLATE utf8_bin NOT NULL,
  `first_name` varchar(150) CHARACTER SET utf8 COLLATE utf8_bin NOT NULL,
  `last_name` varchar(150) CHARACTER SET utf8 COLLATE utf8_bin NOT NULL,
  `email` varchar(254) CHARACTER SET utf8 COLLATE utf8_bin NOT NULL,
  `is_staff` tinyint(1) NOT NULL,
  `is_active` tinyint(1) NOT NULL,
  `date_joined` datetime(6) NOT NULL,
  PRIMARY KEY (`id`) USING BTREE,
  UNIQUE INDEX `username`(`username` ASC) USING BTREE
) ENGINE = InnoDB AUTO_INCREMENT = 1 CHARACTER SET = utf8 COLLATE = utf8_bin ROW_FORMAT = DYNAMIC;

-- ----------------------------
-- Records of auth_user
-- ----------------------------

-- ----------------------------
-- Table structure for auth_user_groups
-- ----------------------------
DROP TABLE IF EXISTS `auth_user_groups`;
CREATE TABLE `auth_user_groups`  (
  `id` bigint NOT NULL AUTO_INCREMENT,
  `user_id` int NOT NULL,
  `group_id` int NOT NULL,
  PRIMARY KEY (`id`) USING BTREE,
  UNIQUE INDEX `auth_user_groups_user_id_group_id_94350c0c_uniq`(`user_id` ASC, `group_id` ASC) USING BTREE,
  INDEX `auth_user_groups_group_id_97559544_fk_auth_group_id`(`group_id` ASC) USING BTREE,
  CONSTRAINT `auth_user_groups_group_id_97559544_fk_auth_group_id` FOREIGN KEY (`group_id`) REFERENCES `auth_group` (`id`) ON DELETE RESTRICT ON UPDATE RESTRICT,
  CONSTRAINT `auth_user_groups_user_id_6a12ed8b_fk_auth_user_id` FOREIGN KEY (`user_id`) REFERENCES `auth_user` (`id`) ON DELETE RESTRICT ON UPDATE RESTRICT
) ENGINE = InnoDB AUTO_INCREMENT = 1 CHARACTER SET = utf8 COLLATE = utf8_bin ROW_FORMAT = DYNAMIC;

-- ----------------------------
-- Records of auth_user_groups
-- ----------------------------

-- ----------------------------
-- Table structure for auth_user_user_permissions
-- ----------------------------
DROP TABLE IF EXISTS `auth_user_user_permissions`;
CREATE TABLE `auth_user_user_permissions`  (
  `id` bigint NOT NULL AUTO_INCREMENT,
  `user_id` int NOT NULL,
  `permission_id` int NOT NULL,
  PRIMARY KEY (`id`) USING BTREE,
  UNIQUE INDEX `auth_user_user_permissions_user_id_permission_id_14a6b632_uniq`(`user_id` ASC, `permission_id` ASC) USING BTREE,
  INDEX `auth_user_user_permi_permission_id_1fbb5f2c_fk_auth_perm`(`permission_id` ASC) USING BTREE,
  CONSTRAINT `auth_user_user_permi_permission_id_1fbb5f2c_fk_auth_perm` FOREIGN KEY (`permission_id`) REFERENCES `auth_permission` (`id`) ON DELETE RESTRICT ON UPDATE RESTRICT,
  CONSTRAINT `auth_user_user_permissions_user_id_a95ead1b_fk_auth_user_id` FOREIGN KEY (`user_id`) REFERENCES `auth_user` (`id`) ON DELETE RESTRICT ON UPDATE RESTRICT
) ENGINE = InnoDB AUTO_INCREMENT = 1 CHARACTER SET = utf8 COLLATE = utf8_bin ROW_FORMAT = DYNAMIC;

-- ----------------------------
-- Records of auth_user_user_permissions
-- ----------------------------

-- ----------------------------
-- Table structure for django_admin_log
-- ----------------------------
DROP TABLE IF EXISTS `django_admin_log`;
CREATE TABLE `django_admin_log`  (
  `id` int NOT NULL AUTO_INCREMENT,
  `action_time` datetime(6) NOT NULL,
  `object_id` longtext CHARACTER SET utf8 COLLATE utf8_bin NULL,
  `object_repr` varchar(200) CHARACTER SET utf8 COLLATE utf8_bin NOT NULL,
  `action_flag` smallint UNSIGNED NOT NULL,
  `change_message` longtext CHARACTER SET utf8 COLLATE utf8_bin NOT NULL,
  `content_type_id` int NULL DEFAULT NULL,
  `user_id` int NOT NULL,
  PRIMARY KEY (`id`) USING BTREE,
  INDEX `django_admin_log_content_type_id_c4bce8eb_fk_django_co`(`content_type_id` ASC) USING BTREE,
  INDEX `django_admin_log_user_id_c564eba6_fk_auth_user_id`(`user_id` ASC) USING BTREE,
  CONSTRAINT `django_admin_log_content_type_id_c4bce8eb_fk_django_co` FOREIGN KEY (`content_type_id`) REFERENCES `django_content_type` (`id`) ON DELETE RESTRICT ON UPDATE RESTRICT,
  CONSTRAINT `django_admin_log_user_id_c564eba6_fk_auth_user_id` FOREIGN KEY (`user_id`) REFERENCES `auth_user` (`id`) ON DELETE RESTRICT ON UPDATE RESTRICT,
  CONSTRAINT `django_admin_log_chk_1` CHECK (`action_flag` >= 0)
) ENGINE = InnoDB AUTO_INCREMENT = 1 CHARACTER SET = utf8 COLLATE = utf8_bin ROW_FORMAT = DYNAMIC;

-- ----------------------------
-- Records of django_admin_log
-- ----------------------------

-- ----------------------------
-- Table structure for django_content_type
-- ----------------------------
DROP TABLE IF EXISTS `django_content_type`;
CREATE TABLE `django_content_type`  (
  `id` int NOT NULL AUTO_INCREMENT,
  `app_label` varchar(100) CHARACTER SET utf8 COLLATE utf8_bin NOT NULL,
  `model` varchar(100) CHARACTER SET utf8 COLLATE utf8_bin NOT NULL,
  PRIMARY KEY (`id`) USING BTREE,
  UNIQUE INDEX `django_content_type_app_label_model_76bd3d3b_uniq`(`app_label` ASC, `model` ASC) USING BTREE
) ENGINE = InnoDB AUTO_INCREMENT = 9 CHARACTER SET = utf8 COLLATE = utf8_bin ROW_FORMAT = DYNAMIC;

-- ----------------------------
-- Records of django_content_type
-- ----------------------------
INSERT INTO `django_content_type` VALUES (1, 'admin', 'logentry');
INSERT INTO `django_content_type` VALUES (7, 'allModel', 'author');
INSERT INTO `django_content_type` VALUES (8, 'allModel', 'user');
INSERT INTO `django_content_type` VALUES (3, 'auth', 'group');
INSERT INTO `django_content_type` VALUES (2, 'auth', 'permission');
INSERT INTO `django_content_type` VALUES (4, 'auth', 'user');
INSERT INTO `django_content_type` VALUES (5, 'contenttypes', 'contenttype');
INSERT INTO `django_content_type` VALUES (6, 'sessions', 'session');

-- ----------------------------
-- Table structure for django_migrations
-- ----------------------------
DROP TABLE IF EXISTS `django_migrations`;
CREATE TABLE `django_migrations`  (
  `id` bigint NOT NULL AUTO_INCREMENT,
  `app` varchar(255) CHARACTER SET utf8 COLLATE utf8_bin NOT NULL,
  `name` varchar(255) CHARACTER SET utf8 COLLATE utf8_bin NOT NULL,
  `applied` datetime(6) NOT NULL,
  PRIMARY KEY (`id`) USING BTREE
) ENGINE = InnoDB AUTO_INCREMENT = 20 CHARACTER SET = utf8 COLLATE = utf8_bin ROW_FORMAT = DYNAMIC;

-- ----------------------------
-- Records of django_migrations
-- ----------------------------
INSERT INTO `django_migrations` VALUES (1, 'contenttypes', '0001_initial', '2024-04-18 12:17:33.410059');
INSERT INTO `django_migrations` VALUES (2, 'auth', '0001_initial', '2024-04-18 12:17:34.998059');
INSERT INTO `django_migrations` VALUES (3, 'admin', '0001_initial', '2024-04-18 12:17:35.409363');
INSERT INTO `django_migrations` VALUES (4, 'admin', '0002_logentry_remove_auto_add', '2024-04-18 12:17:35.479457');
INSERT INTO `django_migrations` VALUES (5, 'admin', '0003_logentry_add_action_flag_choices', '2024-04-18 12:17:35.548842');
INSERT INTO `django_migrations` VALUES (6, 'allModel', '0001_initial', '2024-04-18 12:17:35.728789');
INSERT INTO `django_migrations` VALUES (7, 'contenttypes', '0002_remove_content_type_name', '2024-04-18 12:17:36.080774');
INSERT INTO `django_migrations` VALUES (8, 'auth', '0002_alter_permission_name_max_length', '2024-04-18 12:17:36.284271');
INSERT INTO `django_migrations` VALUES (9, 'auth', '0003_alter_user_email_max_length', '2024-04-18 12:17:36.505577');
INSERT INTO `django_migrations` VALUES (10, 'auth', '0004_alter_user_username_opts', '2024-04-18 12:17:36.578951');
INSERT INTO `django_migrations` VALUES (11, 'auth', '0005_alter_user_last_login_null', '2024-04-18 12:17:36.788364');
INSERT INTO `django_migrations` VALUES (12, 'auth', '0006_require_contenttypes_0002', '2024-04-18 12:17:36.854209');
INSERT INTO `django_migrations` VALUES (13, 'auth', '0007_alter_validators_add_error_messages', '2024-04-18 12:17:36.930109');
INSERT INTO `django_migrations` VALUES (14, 'auth', '0008_alter_user_username_max_length', '2024-04-18 12:17:37.113706');
INSERT INTO `django_migrations` VALUES (15, 'auth', '0009_alter_user_last_name_max_length', '2024-04-18 12:17:37.296300');
INSERT INTO `django_migrations` VALUES (16, 'auth', '0010_alter_group_name_max_length', '2024-04-18 12:17:37.481399');
INSERT INTO `django_migrations` VALUES (17, 'auth', '0011_update_proxy_permissions', '2024-04-18 12:17:37.640365');
INSERT INTO `django_migrations` VALUES (18, 'auth', '0012_alter_user_first_name_max_length', '2024-04-18 12:17:37.826269');
INSERT INTO `django_migrations` VALUES (19, 'sessions', '0001_initial', '2024-04-18 12:17:38.032236');

-- ----------------------------
-- Table structure for django_session
-- ----------------------------
DROP TABLE IF EXISTS `django_session`;
CREATE TABLE `django_session`  (
  `session_key` varchar(40) CHARACTER SET utf8 COLLATE utf8_bin NOT NULL,
  `session_data` longtext CHARACTER SET utf8 COLLATE utf8_bin NOT NULL,
  `expire_date` datetime(6) NOT NULL,
  PRIMARY KEY (`session_key`) USING BTREE,
  INDEX `django_session_expire_date_a5c62663`(`expire_date` ASC) USING BTREE
) ENGINE = InnoDB CHARACTER SET = utf8 COLLATE = utf8_bin ROW_FORMAT = DYNAMIC;

-- ----------------------------
-- Records of django_session
-- ----------------------------

SET FOREIGN_KEY_CHECKS = 1;
